Method,AUC,GINI
sklearn.roc_auc_score,0.7962937453341308,0.5925874906682616
Manual (trapz),0.7962937453341308,0.5925874906682616
Saved predictions,0.7962937453341308,0.5925874906682616
