{
  "total_samples": 89999,
  "train_samples": 72000,
  "test_samples": 17999,
  "defaults_total": 4594,
  "defaults_train": 3676,
  "defaults_test": 918,
  "default_rate": 0.05104501161124012,
  "class_ratio": 18.590552895080542,
  "recommended_class_weights": {
    "0": 0.526895380832504,
    "1": 9.79527644754027
  }
}