config,cv_auc,std,train_auc,overfit_gap
Conservative (High Regularization),0.8046756764358249,0.009390774752507465,0.8586907611967787,0.054015084760953735
Moderate (Balanced),0.7962557754025488,0.008717133669697246,0.9307365619480986,0.13448078654554985
Aggressive (Lower Regularization),0.7828674221156081,0.009710545714563189,0.9867579514085068,0.20389052929289864
