Metric,Value
AUC,0.7842675211879728
GINI,0.5685350423759457
Average_Precision,0.23801481633622104
Sensitivity,0.6045751633986928
Specificity,0.8139453193606931
Precision,0.14867398874899546
F1_Score,0.2386583530423565
Optimal_Threshold,0.702929292929293
Optimal_F1,0.2918238993710692
