account_open_year,count,defaults,default_rate,default_rate_pct
2010,5001,240,0.048,4.8
2011,5171,285,0.0551,5.510000000000001
2012,5215,249,0.0477,4.77
2013,5129,284,0.0554,5.54
2014,5194,258,0.0497,4.97
2015,5146,247,0.048,4.8
2016,5179,282,0.0545,5.45
2017,5251,278,0.0529,5.29
2018,5080,267,0.0526,5.26
2019,5183,271,0.0523,5.2299999999999995
2020,5245,265,0.0505,5.050000000000001
2021,5045,243,0.0482,4.82
2022,5063,274,0.0541,5.41
2023,5098,233,0.0457,4.569999999999999
